STATION,NAME,LATITUDE,LONGITUDE,ELEVATION,DATE,DP10,DT00,DT32,DX32,PRCP,TAVG,TMAX,TMIN
CHM00059082,"SHAOGUAN, CH",24.667,113.6,68,2012-02,9,0,0,0,6.56,51.2,56.3,46.2
CHM00059082,"SHAOGUAN, CH",24.667,113.6,68,2012-03,8,0,0,0,6.62,60.1,66.1,54.1
CHM00050949,"QIAN GORLOS, CH",45.083,124.867,136,2012-02,0,16,29,27,0.06,10,20.6,-0.6
CHM00050949,"QIAN GORLOS, CH",45.083,124.867,136,2012-03,3,0,28,11,0.82,27.6,37.4,17.8
CHM00058424,"ANQING, CH",30.533,117.05,20,2012-02,9,0,8,0,4.1,39.1,43.2,35.1
CHM00058424,"ANQING, CH",30.533,117.05,20,2012-03,14,0,0,0,6.99,50.2,56.8,43.6
CHM00056004,"TUOTUOHE, CH",34.217,92.433,4535,2012-02,1,19,29,27,0.35,10.7,24.4,-3
CHM00056004,"TUOTUOHE, CH",34.217,92.433,4535,2012-03,0,8,31,16,0.04,17.1,31.1,3.2
CHM00055279,"BAINGOIN, CH",31.367,90.017,4701,2012-02,,,,18,,,29.2,
CHM00055279,"BAINGOIN, CH",31.367,90.017,4701,2012-03,,,,12,,,34.7,
CHM00059758,"HAIKOU, CH",20,110.25,24,2012-02,2,0,0,0,0.91,64.8,69.3,60.3
CHM00059758,"HAIKOU, CH",20,110.25,24,2012-03,2,0,0,0,0.68,73,78.8,67.3
CHM00052203,"HAMI, CH",42.817,93.517,739,2012-02,0,0,29,2,0,26.4,39.8,13
CHM00052203,"HAMI, CH",42.817,93.517,739,2012-03,0,0,21,0,0,43.1,58,28.1
CHM00053898,"ANYANG, CH",36.05,114.4,64,2012-02,0,0,26,0,0,33.9,43.9,24
CHM00053898,"ANYANG, CH",36.05,114.4,64,2012-03,3,0,8,0,0.9,45.7,55.4,36
CHM00052323,"MAZONG SHAN, CH",41.8,97.033,1770,2012-02,,12,25,19,,14.6,28.9,0.2
CHM00052323,"MAZONG SHAN, CH",41.8,97.033,1770,2012-03,,,,2,,,44.4,
CHM00053772,"TAIYUAN, CH",37.783,112.55,779,2012-02,0,0,29,4,0.01,29.4,39.7,19.1
CHM00053772,"TAIYUAN, CH",37.783,112.55,779,2012-03,2,0,18,0,0.34,42.1,52.6,31.7
CHM00059632,"QINZHOU, CH",21.95,108.617,6,2012-02,6,0,0,0,1.91,56.4,60.8,52
CHM00059632,"QINZHOU, CH",21.95,108.617,6,2012-03,5,0,0,0,3.24,65.7,70.4,61.1
CHM00052681,"MINQIN, CH",38.633,103.083,1367,2012-02,0,2,29,13,0,21.4,34.5,8.4
CHM00052681,"MINQIN, CH",38.633,103.083,1367,2012-03,0,0,23,0,0.05,38.8,51.3,26.3
CHM00050953,"HARBIN, CH",45.75,126.767,143,2012-02,0,16,29,27,0.07,9.8,19,0.6
CHM00050953,"HARBIN, CH",45.75,126.767,143,2012-03,1,1,29,13,0.78,26.1,35.8,16.4
CHM00058314,"HUOSHAN, CH",31.4,116.333,68,2012-02,6,0,16,0,2.7,37.3,43.8,30.9
CHM00058314,"HUOSHAN, CH",31.4,116.333,68,2012-03,10,0,4,0,5,48.8,58.2,39.5
CHM00056257,"LITANG, CH",30,100.267,3950,2012-02,0,0,29,0,0.02,31,44.7,17.3
CHM00056257,"LITANG, CH",30,100.267,3950,2012-03,1,0,31,0,0.35,34.7,48.2,21.3
CHM00056137,"QAMDO, CH",31.15,97.167,3307,2012-02,,,,0,,,50.8,
CHM00056137,"QAMDO, CH",31.15,97.167,3307,2012-03,,,,0,,,54.8,
CHM00057902,"XINGREN, CH",25.433,105.183,1379,2012-02,1,0,0,0,0.65,45.6,52.1,39
CHM00057902,"XINGREN, CH",25.433,105.183,1379,2012-03,2,0,0,0,0.87,56.6,65.4,47.9
CHM00056492,"YIBIN, CH",28.8,104.6,342,2012-02,5,0,0,0,1.4,47.5,51.2,43.9
CHM00056492,"YIBIN, CH",28.8,104.6,342,2012-03,1,0,0,0,0.68,58.5,64.5,52.4
CHM00057461,"YICHANG, CH",30.7,111.3,134,2012-02,1,0,2,0,0.2,43,47.3,38.7
CHM00057461,"YICHANG, CH",30.7,111.3,134,2012-03,3,0,0,0,2.13,52,59.5,44.5
CHM00054511,"BEIJING, CH",39.933,116.283,55,2012-02,0,0,29,3,0,30.1,39.2,20.9
CHM00054511,"BEIJING, CH",39.933,116.283,55,2012-03,1,0,15,0,0.36,42.9,52.1,33.7
CHM00051243,"KARAMAY, CH",45.6,84.85,428,2012-02,0,15,29,29,0.04,7.7,14.8,0.5
CHM00051243,"KARAMAY, CH",45.6,84.85,428,2012-03,0,0,18,8,0,36.2,43.7,28.8
CHM00050968,"SHANGZHI, CH",45.217,127.967,191,2012-02,0,22,29,28,0.24,6.5,18.4,-5.5
CHM00050968,"SHANGZHI, CH",45.217,127.967,191,2012-03,5,8,29,14,1.31,22.8,34.5,11.1
CHM00050727,"ARXAN, CH",47.167,119.933,997,2012-02,0,29,29,29,0.09,-9.6,3.7,-22.8
CHM00050727,"ARXAN, CH",47.167,119.933,997,2012-03,2,19,31,25,0.41,9.6,23,-3.9
CHM00051811,"SHACHE, CH",38.433,77.267,1232,2012-02,3,0,29,1,0.52,29.2,36.9,21.5
CHM00051811,"SHACHE, CH",38.433,77.267,1232,2012-03,0,0,10,0,0.13,46.3,56.2,36.3
CHM00054527,"TIANJIN, CH",39.1,117.167,5,2012-02,0,0,29,5,0,29.1,38.6,19.6
CHM00054527,"TIANJIN, CH",39.1,117.167,5,2012-03,1,0,16,0,0.24,42.2,51.3,33.1
CHM00050963,"TONGHE, CH",45.967,128.733,110,2012-02,0,24,29,28,0.17,4.1,17.5,-9.3
CHM00050963,"TONGHE, CH",45.967,128.733,110,2012-03,4,7,29,15,0.9,22.3,34.5,10.2
CHM00054405,"HUAILAI, CH",40.417,115.5,538,2012-02,0,0,29,13,0,23,34,12
CHM00054405,"HUAILAI, CH",40.417,115.5,538,2012-03,0,0,23,0,0.15,36.9,47.7,26.2
CHM00055299,"NAGQU, CH",31.483,92.067,4508,2012-02,,,,14,,,32.5,
CHM00055299,"NAGQU, CH",31.483,92.067,4508,2012-03,,,,7,,,37.8,
CHM00056146,"GARZE, CH",31.617,100,3394,2012-02,2,0,27,0,0.38,34.7,49.2,20.3
CHM00056146,"GARZE, CH",31.617,100,3394,2012-03,2,0,27,0,0.47,39.6,53.3,25.9
CHM00057237,"WANYUAN, CH",32.067,108.033,674,2012-02,0,0,5,0,0.12,40.9,46.1,35.6
CHM00057237,"WANYUAN, CH",32.067,108.033,674,2012-03,2,0,1,0,0.74,50.8,59.2,42.3
CHM00056029,"YUSHU, CH",33,96.967,3717,2012-02,1,2,29,3,0.31,27.6,40.4,14.8
CHM00056029,"YUSHU, CH",33,96.967,3717,2012-03,3,0,31,3,1.37,32.1,42.8,21.3
CHM00059417,"LONGZHOU, CH",22.367,106.75,129,2012-02,1,0,0,0,0.44,57.4,61.8,53.1
CHM00059417,"LONGZHOU, CH",22.367,106.75,129,2012-03,3,0,0,0,1.98,66.3,71.5,61
CHM00051379,"QITAI, CH",44.017,89.567,794,2012-02,0,25,29,28,0.2,5.6,19.5,-8.2
CHM00051379,"QITAI, CH",44.017,89.567,794,2012-03,3,3,27,5,0.54,32.4,44.5,20.2
CHM00056021,"QUMARLEB, CH",34.133,95.783,4176,2012-02,1,9,29,21,0.34,17.7,30.1,5.2
CHM00056021,"QUMARLEB, CH",34.133,95.783,4176,2012-03,2,6,31,15,0.5,21.6,33,10.4
CHM00058321,"HEFEI, CH",31.867,117.233,36,2012-02,5,0,12,0,2.05,38.8,44.3,33.3
CHM00058321,"HEFEI, CH",31.867,117.233,36,2012-03,8,0,1,0,3.31,50.2,58,42.3
CHM00053673,"YUANPING, CH",38.75,112.7,838,2012-02,0,0,29,10,0,25.7,36.2,15.2
CHM00053673,"YUANPING, CH",38.75,112.7,838,2012-03,1,0,24,0,0.37,39.7,49.8,29.5
CHM00050978,"JIXI, CH",45.283,130.949,234,2012-02,1,19,29,27,0.21,8.8,18.1,-0.5
CHM00050978,"JIXI, CH",45.283,130.949,234,2012-03,2,1,30,17,0.34,24.5,34,15.1
CHM00050854,"ANDA, CH",46.383,125.317,150,2012-02,0,17,29,27,0.02,6.5,18,-5.1
CHM00050854,"ANDA, CH",46.383,125.317,150,2012-03,2,1,30,16,0.76,25.7,35.6,15.8
CHM00054539,"LETING, CH",39.433,118.9,12,2012-02,0,0,29,6,0,27.6,36.9,18.3
CHM00054539,"LETING, CH",39.433,118.9,12,2012-03,2,0,18,0,0.37,40.1,48.7,31.5
CHM00051709,"KASHI, CH",39.467,75.983,1380,2012-02,3,0,29,11,0.91,28,34.9,21.2
CHM00051709,"KASHI, CH",39.467,75.983,1380,2012-03,2,0,10,0,0.57,44.4,52.8,36.1
CHM00051828,"HOTAN, CH",37.133,79.933,1375,2012-02,1,0,27,0,0.12,32.3,39.2,25.3
CHM00051828,"HOTAN, CH",37.133,79.933,1375,2012-03,1,0,3,0,0.44,48.7,58.4,39.1
CHM00058457,"HANGZHOU, CH",30.233,120.167,43,2012-02,14,0,9,0,4.95,40.3,45,35.6
CHM00058457,"HANGZHOU, CH",30.233,120.167,43,2012-03,14,0,0,0,8.81,51.2,58.1,44.3
CHM00056951,"LINCANG, CH",23.95,100.217,1503,2012-02,0,0,0,0,0,59.9,75.6,44.1
CHM00056951,"LINCANG, CH",23.95,100.217,1503,2012-03,1,0,0,0,1.4,64,77.7,50.3
CHM00054096,"SUIFENHE, CH",44.383,131.15,498,2012-02,2,19,29,27,0.35,7.7,16.1,-0.7
CHM00054096,"SUIFENHE, CH",44.383,131.15,498,2012-03,4,4,30,18,0.66,22.5,31.2,13.8
CHM00057127,"HANZHONG, CH",33.067,107.033,509,2012-02,0,0,3,0,0.04,41.6,46.9,36.4
CHM00057127,"HANZHONG, CH",33.067,107.033,509,2012-03,1,0,0,0,0.35,52.8,60.8,44.9
CHM00054094,"MUDANJIANG, CH",44.567,129.6,242,2012-02,0,21,29,27,0.19,8.6,20.1,-2.9
CHM00054094,"MUDANJIANG, CH",44.567,129.6,242,2012-03,3,3,30,13,0.59,25.3,35.8,14.8
CHM00056954,"LANCANG, CH",22.567,99.933,1054,2012-02,0,0,0,0,0,63,81.4,44.6
CHM00056954,"LANCANG, CH",22.567,99.933,1054,2012-03,1,0,0,0,0.59,68.3,85.1,51.4
CHM00054776,"CHENGSHANTOU, CH",37.4,122.683,47,2012-02,0,0,25,7,0.08,30.6,34.9,26.5
CHM00054776,"CHENGSHANTOU, CH",37.4,122.683,47,2012-03,3,0,12,1,1.07,37.5,41.7,33.2
CHM00056033,"MADOI, CH",34.917,98.217,4273,2012-02,0,13,29,25,0.21,13.9,25.9,2
CHM00056033,"MADOI, CH",34.917,98.217,4273,2012-03,2,7,31,20,0.51,18,28.7,7.2
CHM00059663,"YANGJIANG, CH",21.867,111.967,22,2012-02,7,0,0,0,2.65,59.7,64.7,54.8
CHM00059663,"YANGJIANG, CH",21.867,111.967,22,2012-03,3,0,0,0,1.13,66.8,71.7,61.8
CHM00053614,"YINCHUAN, CH",38.467,106.2,1112,2012-02,0,0,29,11,0,24.7,35.5,14
CHM00053614,"YINCHUAN, CH",38.467,106.2,1112,2012-03,0,0,21,0,0.08,41.1,52.4,29.9
CHM00054823,"JINAN, CH",36.6,117.05,169,2012-02,0,0,23,3,0.02,34.7,42.3,27.1
CHM00054823,"JINAN, CH",36.6,117.05,169,2012-03,3,0,10,0,0.65,45.9,54.1,37.6
CHM00056444,"DEQEN, CH",28.45,98.883,3320,2012-02,4,0,28,0,0.94,33.8,43.7,24
CHM00056444,"DEQEN, CH",28.45,98.883,3320,2012-03,6,0,26,1,2.66,37,46,27.9
CHM00057411,"NANCHONG, CH",30.8,106.083,310,2012-02,4,0,0,0,0.96,46.1,49.8,42.3
CHM00057411,"NANCHONG, CH",30.8,106.083,310,2012-03,3,0,0,0,1.13,56.8,63.1,50.4
CHM00051431,"YINING, CH",43.95,81.333,664,2012-02,3,5,29,20,0.93,18.9,28.5,9.4
CHM00051431,"YINING, CH",43.95,81.333,664,2012-03,4,0,23,0,0.81,37.9,47.7,28.2
CHM00054027,"LINDONG, CH",43.983,119.4,485,2012-02,0,12,29,23,0.02,13,23.9,2.1
CHM00054027,"LINDONG, CH",43.983,119.4,485,2012-03,3,2,29,11,0.46,27.2,38.3,16.2
CHM00055591,"LHASA, CH",29.667,91.133,3650,2012-02,0,0,25,0,0,39,52.5,25.6
CHM00055591,"LHASA, CH",29.667,91.133,3650,2012-03,0,0,14,0,0.03,44.8,57.4,32.2
CHM00054026,"JARUD QI, CH",44.567,120.9,266,2012-02,0,7,29,23,0,14.7,24.6,4.7
CHM00054026,"JARUD QI, CH",44.567,120.9,266,2012-03,1,0,28,10,0.17,30.1,40.5,19.8
CHM00055472,"XAINZA, CH",30.95,88.633,4670,2012-02,,,,14,,,31.1,
CHM00055472,"XAINZA, CH",30.95,88.633,4670,2012-03,,,,7,,,37.4,
CHM00052418,"DUNHUANG, CH",40.15,94.683,1140,2012-02,0,0,28,6,0,26,39.1,12.8
CHM00052418,"DUNHUANG, CH",40.15,94.683,1140,2012-03,0,0,23,0,0,42.5,57,27.9
CHM00059293,"HEYUAN, CH",23.8,114.733,41,2012-02,6,0,0,0,3.5,56.7,63.2,50.2
CHM00059293,"HEYUAN, CH",23.8,114.733,41,2012-03,5,0,0,0,3.05,64.7,71.7,57.7
CHM00050915,"ULIASTAI, CH",45.517,116.967,840,2012-02,0,28,29,29,0.02,0.6,12.6,-11.5
CHM00050915,"ULIASTAI, CH",45.517,116.967,840,2012-03,2,11,31,20,0.36,18.4,29.4,7.4
CHM00058633,"QU XIAN, CH",28.967,118.867,71,2012-02,10,0,4,0,4.59,42.9,47.9,37.8
CHM00058633,"QU XIAN, CH",28.967,118.867,71,2012-03,14,0,0,0,14.44,53.4,61.3,45.6
CHM00052533,"JIUQUAN, CH",39.767,98.483,1478,2012-02,0,4,29,12,0.04,21,33.3,8.7
CHM00052533,"JIUQUAN, CH",39.767,98.483,1478,2012-03,0,0,28,0,0.02,37.2,50.2,24.2
CHM00053502,"JARTAI, CH",39.783,105.75,1143,2012-02,0,13,29,15,0,19.4,34.1,4.6
CHM00053502,"JARTAI, CH",39.783,105.75,1143,2012-03,0,0,25,0,0.05,37.7,51.3,24
CHM00050353,"HUMA, CH",51.717,126.65,179,2012-02,0,28,29,29,0.08,-4.3,9,-17.6
CHM00050353,"HUMA, CH",51.717,126.65,179,2012-03,0,15,31,22,0.03,12.9,26.2,-0.4
CHM00059287,"GUANGZHOU, CH",23.217,113.483,71,2012-02,6,0,0,0,2.79,58.6,65,52.2
CHM00059287,"GUANGZHOU, CH",23.217,113.483,71,2012-03,4,0,0,0,2.52,65.4,71.9,58.9
CHM00053863,"JIEXIU, CH",37.033,111.917,745,2012-02,0,0,29,2,0.01,29.6,41,18.1
CHM00053863,"JIEXIU, CH",37.033,111.917,745,2012-03,2,0,19,0,0.49,42.2,52.9,31.5
CHM00056571,"XICHANG, CH",27.9,102.267,1599,2012-02,0,0,0,0,0,59.2,73.5,44.8
CHM00056571,"XICHANG, CH",27.9,102.267,1599,2012-03,0,0,0,0,0.1,63.6,77.2,50.1
CHM00053068,"ERENHOT, CH",43.65,112,966,2012-02,0,25,29,27,0,5,19.3,-9.4
CHM00053068,"ERENHOT, CH",43.65,112,966,2012-03,0,9,31,12,0.19,21.9,36,7.8
CHM00054157,"SIPING, CH",43.183,124.333,167,2012-02,1,12,29,25,0.35,13.5,23.1,4
CHM00054157,"SIPING, CH",43.183,124.333,167,2012-03,3,0,28,11,1.04,27.1,35.8,18.3
MCM00045011,"MACAU INTERNATIONAL, MC",22.15,113.592,6.1,2012-02,0,,,,0.05,,,
MCM00045011,"MACAU INTERNATIONAL, MC",22.15,113.592,6.1,2012-03,0,,,,0.04,,,
CHM00058752,"RUIAN, CH",27.783,120.65,38,2012-02,11,0,0,0,4.39,47.4,52.5,42.4
CHM00058752,"RUIAN, CH",27.783,120.65,38,2012-03,14,0,0,0,6.73,54.2,59.8,48.5
CHM00057662,"CHANGDE, CH",29.05,111.683,35,2012-02,4,0,3,0,1.8,40.2,44.2,36.1
CHM00057662,"CHANGDE, CH",29.05,111.683,35,2012-03,9,0,0,0,4.76,49.9,56,43.9
CHM00054725,"HUIMIN, CH",37.5,117.533,12,2012-02,0,0,27,3,0,31.3,41.6,21.1
CHM00054725,"HUIMIN, CH",37.5,117.533,12,2012-03,0,0,17,0,0.19,43,52.8,33.3
CHM00059855,"QIONGHAI, CH",19.233,110.467,25,2012-02,10,0,0,0,2.34,69.8,74.7,64.9
CHM00059855,"QIONGHAI, CH",19.233,110.467,25,2012-03,6,0,0,0,4.39,74.9,80.4,69.5
CHM00057799,"JIAN, CH",27.117,114.967,78,2012-02,6,0,0,0,2.95,44.9,49.2,40.5
CHM00057799,"JIAN, CH",27.117,114.967,78,2012-03,9,0,0,0,4.52,55.2,61.3,49.1
CHM00054161,"CHANGCHUN, CH",43.9,125.217,238,2012-02,1,17,29,27,0.58,10.7,20.2,1.1
CHM00054161,"CHANGCHUN, CH",43.9,125.217,238,2012-03,4,0,28,13,1.54,25.7,34.5,16.9
CHM00056106,"SOG XIAN, CH",31.883,93.783,4024,2012-02,,,,3,,,38.9,
CHM00056106,"SOG XIAN, CH",31.883,93.783,4024,2012-03,,,,2,,,42.8,
CHM00058527,"JINGDEZHEN, CH",29.3,117.2,60,2012-02,9,0,4,0,8.02,43,47.8,38.3
CHM00058527,"JINGDEZHEN, CH",29.3,117.2,60,2012-03,13,0,0,0,10.64,54.1,61.4,46.8
CHM00053192,"ABAG QI, CH",44.017,114.95,1128,2012-02,0,26,29,29,0.02,-3.9,8.3,-16.1
CHM00053192,"ABAG QI, CH",44.017,114.95,1128,2012-03,2,13,31,20,0.59,16,27.2,4.8
CHM00051334,"JINGHE, CH",44.617,82.9,321,2012-02,0,16,29,28,0.18,8.7,17.5,0
CHM00051334,"JINGHE, CH",44.617,82.9,321,2012-03,0,0,22,5,0.06,35.6,45.1,26.1
CHM00052787,"WUSHAOLING, CH",37.2,102.867,3044,2012-02,0,10,29,23,0.04,13.6,23.8,3.5
CHM00052787,"WUSHAOLING, CH",37.2,102.867,3044,2012-03,0,0,31,13,0.3,23.7,32.9,14.5
CHM00054843,"WEIFANG, CH",36.767,119.183,22,2012-02,0,0,26,3,0.03,31.9,40.6,23.3
CHM00054843,"WEIFANG, CH",36.767,119.183,22,2012-03,1,0,14,0,0.43,42,50.7,33.2
CHM00051573,"TURPAN, CH",42.933,89.2,37,2012-02,0,0,24,0,0,34,43,24.9
CHM00051573,"TURPAN, CH",42.933,89.2,37,2012-03,0,0,4,0,0,53.6,64.4,42.9
CHM00056462,"JIULONG, CH",29,101.5,2994,2012-02,0,0,26,0,0.01,43.5,60.7,26.3
CHM00056462,"JIULONG, CH",29,101.5,2994,2012-03,2,0,19,0,0.47,47.1,63.4,30.7
CHM00053529,"OTOG QI, CH",39.1,107.983,1381,2012-02,0,14,29,13,0,17.5,32.3,2.7
CHM00053529,"OTOG QI, CH",39.1,107.983,1381,2012-03,2,0,27,1,0.47,34.4,46.1,22.6
CHM00054618,"POTOU, CH",38.083,116.55,13,2012-02,0,0,28,3,0,31.5,40.9,22.1
CHM00054618,"POTOU, CH",38.083,116.55,13,2012-03,1,0,15,0,0.2,43.9,53.7,34.2
CHM00052436,"YUMENZHEN, CH",40.267,97.033,1527,2012-02,0,4,29,14,0.04,20,33.3,6.7
CHM00052436,"YUMENZHEN, CH",40.267,97.033,1527,2012-03,0,0,29,0,0.02,35.7,50.2,21.2
CHM00053646,"YULIN, CH",38.233,109.7,1058,2012-02,0,5,29,12,0,22.8,33.9,11.7
CHM00053646,"YULIN, CH",38.233,109.7,1058,2012-03,3,0,26,0,0.46,37.7,48.6,26.7
CHM00057687,"CHANGSHA, CH",28.233,112.867,68,2012-02,8,0,0,0,2.94,42.3,45.6,38.9
CHM00057687,"CHANGSHA, CH",28.233,112.867,68,2012-03,11,0,0,0,6.29,51.6,57,46.3
CHM00057447,"ENSHI, CH",30.283,109.467,458,2012-02,1,0,2,0,0.36,42.8,46.6,39.1
CHM00057447,"ENSHI, CH",30.283,109.467,458,2012-03,8,0,0,0,3.19,51.8,59,44.6
CHM00059501,"SHANWEI, CH",22.783,115.367,5,2012-02,6,0,0,0,2.44,59.9,64.9,54.9
CHM00059501,"SHANWEI, CH",22.783,115.367,5,2012-03,3,0,0,0,1.1,65.7,71.6,59.9
CHM00056116,"DENGQEN, CH",31.417,95.6,3874,2012-02,,,,2,,,40.5,
CHM00056116,"DENGQEN, CH",31.417,95.6,3874,2012-03,,,,1,,,44.9,
CHM00054292,"YANJI, CH",42.867,129.5,178,2012-02,0,13,29,26,0.11,12.3,23,1.5
CHM00054292,"YANJI, CH",42.867,129.5,178,2012-03,1,0,29,11,0.39,27.9,37.5,18.2
CHM00051463,"WU LU MU QI, CH",43.8,87.65,947,2012-02,2,6,29,29,0.72,11.1,17.5,4.8
CHM00051463,"WU LU MU QI, CH",43.8,87.65,947,2012-03,3,0,20,8,1.01,33.8,40.9,26.6
CHM00059981,"XISHA DAO, CH",16.833,112.333,5,2012-02,,,,0,,,80.7,
CHM00059981,"XISHA DAO, CH",16.833,112.333,5,2012-03,,,,0,,,85.2,
CHM00050788,"FUJIN, CH",47.233,131.983,65,2012-02,0,27,29,27,0.12,3.1,14.6,-8.5
CHM00050788,"FUJIN, CH",47.233,131.983,65,2012-03,2,6,30,19,0.42,21.4,31.5,11.3
CHM00052602,"LENGHU, CH",38.833,93.383,2771,2012-02,0,9,29,13,0,19.6,34.3,4.9
CHM00052602,"LENGHU, CH",38.833,93.383,2771,2012-03,0,0,31,0,0,28.1,43.3,12.9
CHM00054909,"DINGTAO, CH",35.083,115.517,51,2012-02,0,0,22,0,0.04,35.5,43.6,27.4
CHM00054909,"DINGTAO, CH",35.083,115.517,51,2012-03,4,0,4,0,1.67,46.2,55,37.3
CHM00058027,"XUZHOU, CH",34.283,117.15,42,2012-02,2,0,16,0,0.34,36.9,43.5,30.3
CHM00058027,"XUZHOU, CH",34.283,117.15,42,2012-03,5,0,3,0,2.65,46.8,54.8,38.7
CHM00056768,"CHUXIONG, CH",25.017,101.517,1820,2012-02,0,0,0,0,0,57.6,70.1,45
CHM00056768,"CHUXIONG, CH",25.017,101.517,1820,2012-03,2,0,0,0,0.92,60.7,72,49.4
CHM00054346,"BENXI, CH",41.317,123.783,185,2012-02,1,5,28,18,0.22,18,27.9,8.2
CHM00054346,"BENXI, CH",41.317,123.783,185,2012-03,1,0,25,6,0.93,31.9,40.5,23.2
CHM00054102,"XILIN HOT, CH",43.95,116.117,1004,2012-02,0,27,29,29,0.08,-0.2,13,-13.4
CHM00054102,"XILIN HOT, CH",43.95,116.117,1004,2012-03,2,13,31,19,0.58,19.1,30.6,7.7
CHM00057297,"XINYANG, CH",32.133,114.05,115,2012-02,1,0,17,0,0.36,38.5,44.8,32.2
CHM00057297,"XINYANG, CH",32.133,114.05,115,2012-03,4,0,1,0,2.7,49.1,57.3,40.9
CHM00051076,"ALTAY, CH",47.733,88.083,737,2012-02,0,19,29,26,0.08,5.4,16.8,-6
CHM00051076,"ALTAY, CH",47.733,88.083,737,2012-03,1,3,26,8,0.11,28.7,39.4,17.9
CHM00054342,"SHENYANG, CH",41.733,123.517,43,2012-02,2,10,29,19,0.43,15.4,27.6,3.3
CHM00054342,"SHENYANG, CH",41.733,123.517,43,2012-03,2,0,26,7,0.92,31.1,40.3,21.9
CHM00054916,"YANZHOU, CH",35.567,116.85,53,2012-02,0,0,23,0,0.11,34.3,43.3,25.3
CHM00054916,"YANZHOU, CH",35.567,116.85,53,2012-03,4,0,8,0,1,45.7,55,36.4
CHM00050557,"NENJIANG, CH",49.167,125.233,243,2012-02,0,28,29,29,0.06,-5.4,8.6,-19.5
CHM00050557,"NENJIANG, CH",49.167,125.233,243,2012-03,0,15,31,18,0.06,15.3,29,1.5
CHM00050434,"TULIHE, CH",50.45,121.7,733,2012-02,0,29,29,29,0.17,-15.9,3.4,-35.1
CHM00050434,"TULIHE, CH",50.45,121.7,733,2012-03,0,25,31,27,0.22,3.5,22.7,-15.7
CHM00051644,"KUQA, CH",41.717,82.95,1100,2012-02,0,0,29,8,0,26.3,36.2,16.4
CHM00051644,"KUQA, CH",41.717,82.95,1100,2012-03,0,0,14,0,0.06,44,55.5,32.6
CHM00051765,"TIKANLIK, CH",40.633,87.7,847,2012-02,0,1,29,3,0,25.4,40.8,9.9
CHM00051765,"TIKANLIK, CH",40.633,87.7,847,2012-03,0,0,21,0,0,44.7,60.5,28.8
CHM00058040,"GANYU, CH",34.85,119.133,10,2012-02,1,0,24,1,0.27,32.9,40.2,25.6
CHM00058040,"GANYU, CH",34.85,119.133,10,2012-03,4,0,8,0,1.41,42.7,50.5,34.9
CHM00054471,"YINGKOU, CH",40.667,122.2,4,2012-02,1,2,29,17,0.27,21.3,29.7,13
CHM00054471,"YINGKOU, CH",40.667,122.2,4,2012-03,3,0,24,4,0.96,33.7,41.1,26.3
CHM00056778,"KUNMING, CH",25.017,102.683,1892,2012-02,0,0,0,0,0,56.1,69.9,42.3
CHM00056778,"KUNMING, CH",25.017,102.683,1892,2012-03,3,0,0,0,1.41,58.8,70.8,46.8
CHM00057745,"ZHIJIANG, CH",27.45,109.683,273,2012-02,5,0,2,0,1.35,41.1,44.5,37.8
CHM00057745,"ZHIJIANG, CH",27.45,109.683,273,2012-03,11,0,0,0,5,51,55.9,46.1
CHM00057866,"LINGLING, CH",26.233,111.617,174,2012-02,8,0,0,0,2.6,42.4,45.2,39.6
CHM00057866,"LINGLING, CH",26.233,111.617,174,2012-03,14,0,0,0,6.75,52.4,57,47.8
CHM00058834,"NANPING, CH",26.633,118,128,2012-02,13,0,0,0,5.15,52.8,58.7,46.8
CHM00058834,"NANPING, CH",26.633,118,128,2012-03,9,0,0,0,6.7,61,68.1,53.8
CHM00058715,"NANCHENG, CH",27.583,116.65,82,2012-02,8,0,1,0,4.57,44,48.7,39.3
CHM00058715,"NANCHENG, CH",27.583,116.65,82,2012-03,11,0,0,0,9.2,54.9,62,47.8
RSM00031510,"BLAGOVESCENSK, RS",50.25,127.5,130,2012-02,2,28,29,29,0.61,-0.3,11,-11.5
RSM00031510,"BLAGOVESCENSK, RS",50.25,127.5,130,2012-03,0,14,31,20,0,16.3,28.5,4
CHM00056096,"WUDU, CH",33.4,104.917,1079,2012-02,0,0,5,0,0,41.3,47.4,35.3
CHM00056096,"WUDU, CH",33.4,104.917,1079,2012-03,4,0,0,0,0.61,52.6,60.6,44.5
CHM00054115,"LINXI, CH",43.6,118.067,800,2012-02,0,14,29,24,0,11.3,21.5,1.1
CHM00054115,"LINXI, CH",43.6,118.067,800,2012-03,2,3,29,13,0.32,25.3,35.9,14.8
CHM00054236,"ZHANGWU, CH",42.417,122.533,84,2012-02,1,5,29,20,0.18,16.9,28,5.8
CHM00054236,"ZHANGWU, CH",42.417,122.533,84,2012-03,3,0,28,6,0.8,31.1,40.4,21.9
CHM00057067,"LUSHI, CH",34.05,111.033,570,2012-02,0,0,24,0,0,35.5,45.1,25.9
CHM00057067,"LUSHI, CH",34.05,111.033,570,2012-03,4,0,11,0,1.18,45.1,55.7,34.6
CHM00051087,"FUYUN, CH",46.983,89.517,827,2012-02,0,24,29,29,0.02,4.2,18.4,-10
CHM00051087,"FUYUN, CH",46.983,89.517,827,2012-03,0,3,28,9,0.01,29.5,41.9,17.2
CHM00056651,"LIJING, CH",26.833,100.467,2394,2012-02,0,0,3,0,0.05,50.5,61.6,39.3
CHM00056651,"LIJING, CH",26.833,100.467,2394,2012-03,0,0,1,0,0.04,54,65.3,42.8
CHM00053959,"YUNCHENG, CH",35.05,111.05,365,2012-02,0,0,22,0,0,35.8,44.5,27
CHM00053959,"YUNCHENG, CH",35.05,111.05,365,2012-03,1,0,5,0,1.14,47.5,56.7,38.2
CHM00057083,"ZHENGZHOU, CH",34.717,113.65,111,2012-02,0,0,19,0,0,37.9,45.9,29.9
CHM00057083,"ZHENGZHOU, CH",34.717,113.65,111,2012-03,2,0,3,0,0.67,48.7,57.2,40.2
CHM00051656,"KORLA, CH",41.75,86.133,933,2012-02,,,,3,,,38.1,
CHM00051656,"KORLA, CH",41.75,86.133,933,2012-03,,,,0,,,56.7,
CHM00051777,"RUOQIANG, CH",39.033,88.167,889,2012-02,0,0,29,4,0,27,39.4,14.7
CHM00051777,"RUOQIANG, CH",39.033,88.167,889,2012-03,0,0,18,0,0,46.8,62,31.6
CHM00052866,"XINING, CH",36.617,101.767,2296,2012-02,0,0,29,11,0.09,22.7,36,9.5
CHM00052866,"XINING, CH",36.617,101.767,2296,2012-03,1,0,29,0,0.32,36.1,48.5,23.6
CHM00057633,"YOUYANG, CH",28.833,108.767,665,2012-02,0,0,12,1,0.44,36.8,40.4,33.2
CHM00057633,"YOUYANG, CH",28.833,108.767,665,2012-03,4,0,1,0,2.86,46.6,52.1,41.1
CHM00053391,"HUADE, CH",41.9,114,1484,2012-02,0,16,29,24,0,9.2,20.1,-1.6
CHM00053391,"HUADE, CH",41.9,114,1484,2012-03,0,2,31,15,0.27,24.1,34.8,13.4
CHM00055578,"XIGAZE, CH",29.25,88.883,3837,2012-02,,,,0,,,47.9,
CHM00055578,"XIGAZE, CH",29.25,88.883,3837,2012-03,,,,0,,,55.1,
CHM00058606,"NANCHANG, CH",28.6,115.917,50,2012-02,7,0,1,0,4.04,42.4,46.1,38.8
CHM00058606,"NANCHANG, CH",28.6,115.917,50,2012-03,13,0,0,0,9.5,53.1,58.4,47.8
CHM00057516,"CHONGQING, CH",29.583,106.467,416,2012-02,3,0,0,0,0.6,48.5,52.1,44.9
CHM00057516,"CHONGQING, CH",29.583,106.467,416,2012-03,4,0,0,0,1.17,58.3,64.6,51.9
CHM00058847,"FUZHOU, CH",26.083,119.283,14,2012-02,11,0,0,0,6.51,52.4,57.9,46.9
CHM00058847,"FUZHOU, CH",26.083,119.283,14,2012-03,8,0,0,0,3.41,59.7,66.9,52.5
CHM00050564,"SUNWU, CH",49.433,127.35,235,2012-02,0,28,29,29,0.18,-2.8,11.1,-16.7
CHM00050564,"SUNWU, CH",49.433,127.35,235,2012-03,1,14,31,19,0.11,15.7,28.6,2.8
CHM00059254,"GUIPING, CH",23.4,110.083,44,2012-02,7,0,0,0,2.77,55.3,59.4,51.2
CHM00059254,"GUIPING, CH",23.4,110.083,44,2012-03,8,0,0,0,4.04,63,67.4,58.6
CHM00052983,"YU ZHONG, CH",35.867,104.15,1875,2012-02,,,,14,,,33,
CHM00052983,"YU ZHONG, CH",35.867,104.15,1875,2012-03,,,,2,,,47.1,
CHM00053276,"JURH, CH",42.4,112.9,1152,2012-02,0,16,29,20,0.03,11.4,23.3,-0.5
CHM00053276,"JURH, CH",42.4,112.9,1152,2012-03,1,2,31,10,0.4,26.4,37.8,15.1
CHM00057993,"GANZHOU, CH",25.867,115,138,2012-02,9,0,0,0,3.3,48.8,53.8,43.8
CHM00057993,"GANZHOU, CH",25.867,115,138,2012-03,8,0,0,0,6.49,58.4,64.8,51.9
CHM00059134,"XIAMEN, CH",24.483,118.083,18,2012-02,11,0,0,0,4.56,55.1,60.3,49.9
CHM00059134,"XIAMEN, CH",24.483,118.083,18,2012-03,5,0,0,0,1.54,62,68.6,55.3
CHM00053845,"YAN AN, CH",36.6,109.5,959,2012-02,0,0,29,4,0.04,29.4,40.3,18.5
CHM00053845,"YAN AN, CH",36.6,109.5,959,2012-03,0,0,19,0,0.21,43.1,54.5,31.6
CHM00053723,"YANCHI, CH",37.8,107.383,1356,2012-02,0,5,29,13,0,22.6,35,10.1
CHM00053723,"YANCHI, CH",37.8,107.383,1356,2012-03,1,0,25,0,0.38,37.9,50.3,25.5
CHM00059948,"SANYA, CH",18.217,109.583,7,2012-02,,,,0,,,72.9,
CHM00059948,"SANYA, CH",18.217,109.583,7,2012-03,,,,0,,,77,
CHM00055228,"SHIQUANHE, CH",32.5,80.083,4280,2012-02,,8,24,24,,15.5,27.2,3.8
CHM00055228,"SHIQUANHE, CH",32.5,80.083,4280,2012-03,,3,26,13,,22.8,35.6,9.9
CHM00052754,"GANGCA, CH",37.333,100.133,3302,2012-02,0,8,29,23,0.1,15.3,27.1,3.6
CHM00052754,"GANGCA, CH",37.333,100.133,3302,2012-03,0,0,31,11,0.38,24.2,35.6,12.7
CHM00059023,"HECHI, CH",24.7,108.05,214,2012-02,2,0,0,0,0.96,49.2,52.5,46
CHM00059023,"HECHI, CH",24.7,108.05,214,2012-03,6,0,0,0,2.35,61.3,66.2,56.4
CHM00059265,"WUZHOU, CH",23.483,111.3,120,2012-02,2,0,0,0,1.46,54.9,60.6,49.3
CHM00059265,"WUZHOU, CH",23.483,111.3,120,2012-03,7,0,0,0,5.31,63,68.7,57.2
CHM00054135,"TONGLIAO, CH",43.6,122.267,180,2012-02,1,10,29,23,0.15,13.9,24.5,3.2
CHM00054135,"TONGLIAO, CH",43.6,122.267,180,2012-03,2,0,28,10,0.43,29.3,39.4,19.3
CHM00056671,"HUILI, CH",26.65,102.25,1788,2012-02,0,0,0,0,0,54.8,70.5,39.1
CHM00056671,"HUILI, CH",26.65,102.25,1788,2012-03,0,0,0,0,0.02,59.5,73.2,45.8
CHM00054012,"XI UJIMQIN QI, CH",44.583,117.6,997,2012-02,0,25,29,29,0.07,0.3,11.2,-10.5
CHM00054012,"XI UJIMQIN QI, CH",44.583,117.6,997,2012-03,3,12,31,23,0.69,16.1,27.2,4.9
CHM00051716,"BACHU, CH",39.8,78.567,1117,2012-02,1,0,29,0,0.17,29.9,40.1,19.8
CHM00051716,"BACHU, CH",39.8,78.567,1117,2012-03,1,0,9,0,0.23,46.6,57.5,35.7
CHM00050745,"QIQIHAR, CH",47.383,123.917,148,2012-02,0,21,29,27,0.01,7,18.8,-4.8
CHM00050745,"QIQIHAR, CH",47.383,123.917,148,2012-03,1,1,31,13,0.43,25.1,37.2,13
CHM00057816,"GUIYANG, CH",26.583,106.733,1223,2012-02,1,0,13,1,0.95,38,42.5,33.5
CHM00057816,"GUIYANG, CH",26.583,106.733,1223,2012-03,5,0,0,0,1.61,51.3,58.7,43.9
CHM00059316,"SHANTOU, CH",23.4,116.683,3,2012-02,7,0,0,0,3.02,58,62.2,53.7
CHM00059316,"SHANTOU, CH",23.4,116.683,3,2012-03,5,0,0,0,1.18,64.1,70.4,57.8
CHM00056964,"SIMAO, CH",22.767,100.983,1303,2012-02,0,0,0,0,0,63.9,79,48.8
CHM00056964,"SIMAO, CH",22.767,100.983,1303,2012-03,1,0,0,0,0.41,68,81.4,54.5
CHM00053336,"HALIUT, CH",41.567,108.517,1290,2012-02,0,14,29,21,0,13.5,25.4,1.6
CHM00053336,"HALIUT, CH",41.567,108.517,1290,2012-03,1,1,30,7,0.23,30.5,42,19.1
CHM00051156,"HOBOKSAR, CH",46.783,85.717,1294,2012-02,1,12,29,28,0.2,11.5,21.4,1.5
CHM00051156,"HOBOKSAR, CH",46.783,85.717,1294,2012-03,0,0,29,10,0.25,28.2,37.9,18.5
CHM00053698,"SHIJIAZHUANG, CH",38.033,114.417,81,2012-02,0,0,28,1,0,33.6,42.2,25
CHM00053698,"SHIJIAZHUANG, CH",38.033,114.417,81,2012-03,2,0,6,0,0.31,46.4,55,37.8
CHM00057131,"JINGHE, CH",34.433,108.967,411,2012-02,0,0,20,0,0,36.6,43.1,30
CHM00057131,"JINGHE, CH",34.433,108.967,411,2012-03,2,0,1,0,0.56,48.1,56.6,39.6
CHM00057494,"WUHAN, CH",30.6,114.05,34,2012-02,4,0,14,0,1.65,39.8,45.8,33.7
CHM00057494,"WUHAN, CH",30.6,114.05,34,2012-03,8,0,1,0,4.31,49.8,58.4,41.2
CHM00054423,"CHENGDE, CH",40.967,117.917,423,2012-02,0,3,29,13,0.03,20.4,32.5,8.4
CHM00054423,"CHENGDE, CH",40.967,117.917,423,2012-03,2,0,25,0,0.39,36.1,47.7,24.5
CHM00058221,"BENGBU, CH",32.95,117.367,22,2012-02,2,0,14,0,0.52,37.5,43.7,31.3
CHM00058221,"BENGBU, CH",32.95,117.367,22,2012-03,5,0,1,0,3.94,48,55.8,40.1
CHM00054662,"DALIAN, CH",38.9,121.633,97,2012-02,0,0,26,13,0,26.7,32.4,21.1
CHM00054662,"DALIAN, CH",38.9,121.633,97,2012-03,3,0,18,3,0.75,37,42.8,31.1
CHM00057014,"BEIDAO, CH",34.567,105.867,1086,2012-02,0,0,25,1,0.05,34.2,42,26.3
CHM00057014,"BEIDAO, CH",34.567,105.867,1086,2012-03,3,0,10,0,0.98,45.9,56,35.9
CHM00059431,"NANNING, CH",22.633,108.217,126,2012-02,3,0,0,0,0.74,54.8,59.1,50.4
CHM00059431,"NANNING, CH",22.633,108.217,126,2012-03,4,0,0,0,1.31,63.7,68.3,59.1
CHM00056046,"DARLAG, CH",33.75,99.65,3968,2012-02,3,3,29,11,0.61,22,33.6,10.4
CHM00056046,"DARLAG, CH",33.75,99.65,3968,2012-03,4,0,31,8,1.07,26.6,36.5,16.7
CHM00058102,"BOXIAN, CH",33.883,115.767,42,2012-02,1,0,16,0,0.17,37.7,44.4,31
CHM00058102,"BOXIAN, CH",33.883,115.767,42,2012-03,4,0,0,0,2.32,48.2,55.8,40.5
CHM00050756,"HAILUN, CH",47.433,126.967,240,2012-02,0,25,29,29,0.02,1.7,11.6,-8.1
CHM00050756,"HAILUN, CH",47.433,126.967,240,2012-03,3,1,31,19,0.78,22.3,32.6,11.9
CHM00050632,"BUGT, CH",48.767,121.917,739,2012-02,0,28,29,29,0,-2.3,8,-12.7
CHM00050632,"BUGT, CH",48.767,121.917,739,2012-03,1,13,31,22,0.25,15.3,27.4,3.2
CHM00056739,"TENGCHONG, CH",25.117,98.483,1649,2012-02,0,0,0,0,0.04,53.4,67.6,39.3
CHM00056739,"TENGCHONG, CH",25.117,98.483,1649,2012-03,4,0,0,0,1.44,58.2,70.3,46.1
CHM00057707,"BIJIE, CH",27.3,105.233,1511,2012-02,0,0,11,0,0.45,36.9,40.4,33.4
CHM00057707,"BIJIE, CH",27.3,105.233,1511,2012-03,4,0,0,0,0.71,49.8,57.3,42.2
CHM00052818,"GOLMUD, CH",36.417,94.9,2809,2012-02,0,0,29,4,0.07,26.8,38.2,15.4
CHM00052818,"GOLMUD, CH",36.417,94.9,2809,2012-03,0,0,30,0,0,35.3,47.6,23.1
CHM00058238,"NANJING, CH",31.933,118.9,15,2012-02,5,0,12,0,2.89,38,43.3,32.6
CHM00058238,"NANJING, CH",31.933,118.9,15,2012-03,8,0,1,0,3.12,48.9,56.2,41.7
CHM00056172,"BARKAM, CH",31.9,102.233,2666,2012-02,0,0,28,0,0.2,43.2,61.7,24.7
CHM00056172,"BARKAM, CH",31.9,102.233,2666,2012-03,3,0,14,0,0.78,47.7,62.8,32.6
CHM00057265,"GUANGHUA, CH",32.383,111.667,91,2012-02,0,0,10,0,0.06,40.3,46.7,33.9
CHM00057265,"GUANGHUA, CH",32.383,111.667,91,2012-03,2,0,0,0,0.8,49.8,57.8,41.8
CHM00053463,"HOHHOT, CH",40.817,111.683,1065,2012-02,0,4,29,18,0,19.2,29.9,8.4
CHM00053463,"HOHHOT, CH",40.817,111.683,1065,2012-03,3,0,27,4,0.91,34.1,43.7,24.4
CHM00058477,"DINGHAI, CH",30.033,122.117,37,2012-02,11,0,6,0,3.55,42.5,47.8,37.3
CHM00058477,"DINGHAI, CH",30.033,122.117,37,2012-03,12,0,0,0,7.35,50.3,56.9,43.7
CHM00052495,"BAYAN MOD, CH",40.75,104.5,1329,2012-02,0,15,29,16,0,16.2,31.3,1.1
CHM00052495,"BAYAN MOD, CH",40.75,104.5,1329,2012-03,0,1,28,1,0.09,33.7,47.3,20.1
CHM00053915,"PINGLIANG, CH",35.55,106.667,1348,2012-02,0,0,29,7,0.09,28.8,37.2,20.5
CHM00053915,"PINGLIANG, CH",35.55,106.667,1348,2012-03,2,0,16,1,0.75,41.6,50.8,32.5
CHM00050527,"HAILAR, CH",49.25,119.7,650,2012-02,0,29,29,29,0.03,-12.7,-2.2,-23.1
CHM00050527,"HAILAR, CH",49.25,119.7,650,2012-03,1,19,31,26,0.2,8.3,19.8,-3.3
CHM00054208,"DUOLUN, CH",42.183,116.467,1247,2012-02,0,26,29,24,0.03,6,19.1,-7.1
CHM00054208,"DUOLUN, CH",42.183,116.467,1247,2012-03,2,5,31,14,0.47,22.4,35.3,9.4
CHM00058921,"YONGAN, CH",25.967,117.35,204,2012-02,13,0,0,0,6.7,54.6,61.3,48
CHM00058921,"YONGAN, CH",25.967,117.35,204,2012-03,8,0,0,0,6.15,62.7,70.6,54.8
CHM00056985,"MENGZI, CH",23.383,103.383,1302,2012-02,0,0,0,0,0,63.7,73.1,54.3
CHM00056985,"MENGZI, CH",23.383,103.383,1302,2012-03,1,0,0,0,0.26,67.5,77,58
CHM00057713,"ZUNYI, CH",27.7,106.883,845,2012-02,0,0,2,0,0.74,39.7,42.7,36.8
CHM00057713,"ZUNYI, CH",27.7,106.883,845,2012-03,4,0,0,0,1.2,50.2,54.6,45.8
CHM00057957,"GUILIN, CH",25.333,110.3,174,2012-02,5,0,0,0,3.31,45.6,48.3,42.8
CHM00057957,"GUILIN, CH",25.333,110.3,174,2012-03,10,0,0,0,6.3,56.2,60.9,51.5
CHM00056182,"SONGPAN, CH",32.65,103.567,2852,2012-02,2,0,29,0,0.51,35.2,50.4,19.9
CHM00056182,"SONGPAN, CH",32.65,103.567,2852,2012-03,4,0,26,0,1.02,39.8,52.4,27.1
CHM00052267,"EJIN QI, CH",41.95,101.067,941,2012-02,,6,25,14,,19.4,32.6,6.3
CHM00052267,"EJIN QI, CH",41.95,101.067,941,2012-03,,,,0,,,50.4,
CHM00054324,"CHAOYANG, CH",41.55,120.45,176,2012-02,1,5,29,16,0.15,19.8,32.1,7.5
CHM00054324,"CHAOYANG, CH",41.55,120.45,176,2012-03,2,0,26,2,0.46,34.6,46.1,23
CHM00058362,"SHANGHAI, CH",31.4,121.467,4,2012-02,7,0,7,0,3.61,40.3,44.5,36.1
CHM00058362,"SHANGHAI, CH",31.4,121.467,4,2012-03,12,0,0,0,4.74,49.6,55.7,43.4
CHM00056187,"WENJIANG, CH",30.75,103.867,541,2012-02,0,0,1,0,0.25,43.8,49,38.6
CHM00056187,"WENJIANG, CH",30.75,103.867,541,2012-03,3,0,0,0,1.03,53.1,60.7,45.5
CHM00059211,"BAISE, CH",23.9,106.6,177,2012-02,0,0,0,0,0.19,57,62.3,51.8
CHM00059211,"BAISE, CH",23.9,106.6,177,2012-03,2,0,0,0,0.47,66.5,72.7,60.2
CHM00053231,"HAILS, CH",41.45,106.383,1510,2012-02,,,,23,,,24.1,
CHM00053231,"HAILS, CH",41.45,106.383,1510,2012-03,,,,7,,,40.7,
CHM00053352,"BAILING MIAO, CH",41.7,110.433,1377,2012-02,0,20,29,20,0,11.6,25.3,-2.1
CHM00053352,"BAILING MIAO, CH",41.7,110.433,1377,2012-03,0,4,31,7,0.15,27.1,40.2,14.1
CHM00050658,"KESHAN, CH",48.05,125.883,237,2012-02,0,27,29,29,0,0.1,10.8,-10.7
CHM00050658,"KESHAN, CH",48.05,125.883,237,2012-03,1,6,31,17,0.18,21.3,32.6,10
CHM00051747,"TAZHONG, CH",39,83.667,1099,2012-02,0,4,29,1,0,24.4,40.3,8.5
CHM00051747,"TAZHONG, CH",39,83.667,1099,2012-03,0,0,25,0,0,41.8,60,23.6
CHM00052836,"DULAN, CH",36.3,98.1,3192,2012-02,1,1,29,16,0.22,22.5,33.6,11.5
CHM00052836,"DULAN, CH",36.3,98.1,3192,2012-03,1,0,31,3,0.18,30.4,42.1,18.7
CHM00052713,"DA QAIDAM, CH",37.85,95.367,3174,2012-02,0,7,29,16,0.1,19.5,32.8,6.2
CHM00052713,"DA QAIDAM, CH",37.85,95.367,3174,2012-03,0,0,31,4,0,27.6,41.2,14
CHM00052955,"GUINAN, CH",35.583,100.75,3123,2012-02,1,3,29,8,0.22,21.2,35.2,7.3
CHM00052955,"GUINAN, CH",35.583,100.75,3123,2012-03,2,0,30,2,0.54,31,44.1,18
CHM00057290,"ZHUMADIAN, CH",33,114.017,83,2012-02,1,0,15,0,0.12,39,45.5,32.4
CHM00057290,"ZHUMADIAN, CH",33,114.017,83,2012-03,3,0,0,0,2.17,49.1,56.6,41.6
CHM00056080,"HEZUO, CH",35,102.9,2910,2012-02,1,2,29,9,0.28,23.1,35.1,11.1
CHM00056080,"HEZUO, CH",35,102.9,2910,2012-03,1,0,30,4,0.56,32.3,44.1,20.5
CHM00054218,"CHIFENG, CH",42.3,118.833,567,2012-02,0,10,29,21,0.11,15.2,26.5,3.9
CHM00054218,"CHIFENG, CH",42.3,118.833,567,2012-03,2,1,28,9,0.41,29.8,40.9,18.6
CHM00058251,"DONGTAI, CH",32.85,120.283,5,2012-02,5,0,15,0,1.31,36.7,42.5,31
CHM00058251,"DONGTAI, CH",32.85,120.283,5,2012-03,7,0,3,0,3.43,46.3,53.7,38.9
CHM00054337,"JINZHOU, CH",41.133,121.117,70,2012-02,0,0,29,11,0.09,23,32.4,13.6
CHM00054337,"JINZHOU, CH",41.133,121.117,70,2012-03,4,0,23,1,0.78,35.5,44.3,26.7
CHM00053487,"DATONG, CH",40.1,113.333,1069,2012-02,0,10,29,17,0,18.1,31.4,4.8
CHM00053487,"DATONG, CH",40.1,113.333,1069,2012-03,1,0,28,1,0.3,33.4,45.1,21.7
CHM00056079,"RUO ERGAI, CH",33.583,102.967,3441,2012-02,,,,3,,,40,
CHM00056079,"RUO ERGAI, CH",33.583,102.967,3441,2012-03,,,,4,,,40.9,